threshold_idx,threshold_z,threshold_dB,level_lower,level_upper
0,1.0610763417155834e-10,-99.74253368602818,137.6,206.5
1,9.53035345574941e-10,-90.20890992222638,206.5,275.3
2,1.923036655682639e-09,-87.1601243744172,275.3,309.7
3,6.128887200136599e-09,-82.12618371600905,309.7,344.1
4,1.5477534021739112e-08,-78.1029823267527,344.1,412.9
5,1.7872042066901203e-08,-77.4782582199248,412.9,458.8
6,3.458591641206966e-07,-64.6110071246955,458.8,516.2
7,4.237715600778116e-07,-63.72868192777937,516.2,573.5
8,5.114487811785087e-06,-52.911978520110914,573.5,619.4
