feature,kernel,param,inner_oof_mae
lam1,K3_eesm,0.01,0.765710067946729
lam1,K3_eesm,0.0199526231496888,0.7656487024414698
lam1,K3_eesm,0.039810717055349734,0.7650718639806116
lam1,K3_eesm,0.07943282347242814,0.7587387052327281
lam1,K3_eesm,0.15848931924611134,0.7564312790847083
lam1,K3_eesm,0.31622776601683794,0.7559035188684091
lam1,K3_eesm,0.630957344480193,0.7556334891045272
lam1,K3_eesm,1.2589254117941675,0.7553143871214685
lam1,K3_eesm,2.5118864315095797,0.7553021164305697
lam1,K3_eesm,5.01187233627272,0.7554862174653838
lam1,K3_eesm,10.0,0.7560262483725819
lam1,K3_eesm,19.952623149688787,0.7559280602502071
lam1,K3_eesm,39.81071705534969,0.7561858065192527
lam1,K3_eesm,79.43282347242814,0.7562103546796056
lam1,K3_eesm,158.48931924611142,0.75622262687685
lam1,K3_eesm,316.22776601683796,0.7562962690983903
lam1,K3_eesm,630.957344480193,0.7562962690983903
lam1,K3_eesm,1258.9254117941662,0.7563208165055705
lam1,K3_eesm,2511.886431509577,0.7563208165055705
lam1,K3_eesm,5011.872336272725,0.7563208165055705
lam1,K3_eesm,10000.0,0.7563330894559878
lam1,K4_pow,-2.0,0.7575604342071192
lam1,K4_pow,-1.0,0.7569713114982519
lam1,K4_pow,-0.5,0.7569222196965828
lam1,K4_pow,1.0,0.7563330894559878
lam1,K4_pow,2.0,0.7565049145276936
lam1,K5_plus,0.01,0.757462250603781
lam1,K5_plus,0.0199526231496888,0.7571308606068493
lam1,K5_plus,0.039810717055349734,0.7575849853801632
lam1,K5_plus,0.07943282347242814,0.7589964499954283
lam1,K5_plus,0.15848931924611134,0.7594137536579718
lam1,K5_plus,0.31622776601683794,0.7596224020999661
lam1,K5_plus,0.630957344480193,0.7582600413371348
lam1,K5_plus,1.2589254117941675,0.7562717141594826
lam1,K5_plus,2.5118864315095797,0.7556948591288231
lam1,K5_plus,5.01187233627272,0.7556825914506153
lam1,K5_plus,10.0,0.7555721364032053
lam1,K5_plus,19.952623149688787,0.7564558272450611
lam1,K5_plus,39.81071705534969,0.7566031079222779
lam1,K5_plus,79.43282347242814,0.7563944609866292
lam1,K5_plus,158.48931924611142,0.7563208157523977
lam1,K5_plus,316.22776601683796,0.7562962690983904
lam1,K5_plus,630.957344480193,0.7563330902091606
lam1,K5_plus,1258.9254117941662,0.7563330902091606
lam1,K5_plus,2511.886431509577,0.7563330894559878
lam1,K5_plus,5011.872336272725,0.7563330894559878
lam1,K5_plus,10000.0,0.7563330894559878
lam2,K3_eesm,0.01,0.8563748784944016
lam2,K3_eesm,0.0199526231496888,0.8472433311446131
lam2,K3_eesm,0.039810717055349734,0.8311527128605608
lam2,K3_eesm,0.07943282347242814,0.8001619472107224
lam2,K3_eesm,0.15848931924611134,0.7797633621512301
lam2,K3_eesm,0.31622776601683794,0.7527983757979678
lam2,K3_eesm,0.630957344480193,0.7435686373131133
lam2,K3_eesm,1.2589254117941675,0.7478643484611098
lam2,K3_eesm,2.5118864315095797,0.7465019876982784
lam2,K3_eesm,5.01187233627272,0.7439859213931648
lam2,K3_eesm,10.0,0.744231395464966
lam2,K3_eesm,19.952623149688787,0.7475206968113526
lam2,K3_eesm,39.81071705534969,0.7474716223326575
lam2,K3_eesm,79.43282347242814,0.748097575943541
lam2,K3_eesm,158.48931924611142,0.7491776407706283
lam2,K3_eesm,316.22776601683796,0.750539994001732
lam2,K3_eesm,630.957344480193,0.7513623163256377
lam2,K3_eesm,1258.9254117941662,0.7512763988941615
lam2,K3_eesm,2511.886431509577,0.7515095985092
lam2,K3_eesm,5011.872336272725,0.7515096022750638
lam2,K3_eesm,10000.0,0.7514973293246465
lam2,K4_pow,-2.0,0.7974617798707948
lam2,K4_pow,-1.0,0.7625558059603985
lam2,K4_pow,-0.5,0.7530560979654845
lam2,K4_pow,1.0,0.7515218767318267
lam2,K4_pow,2.0,0.744918710062072
lam2,K5_plus,0.01,0.764053172190511
lam2,K5_plus,0.0199526231496888,0.763427223851837
lam2,K5_plus,0.039810717055349734,0.7598310889537723
lam2,K5_plus,0.07943282347242814,0.7557808149721108
lam2,K5_plus,0.15848931924611134,0.7544798114296379
lam2,K5_plus,0.31622776601683794,0.7484657584306771
lam2,K5_plus,0.630957344480193,0.7403038231200846
lam2,K5_plus,1.2589254117941675,0.743151322352978
lam2,K5_plus,2.5118864315095797,0.7506627415820515
lam2,K5_plus,5.01187233627272,0.7491408113749576
lam2,K5_plus,10.0,0.7519392150403181
lam2,K5_plus,19.952623149688787,0.7538661488453183
lam2,K5_plus,39.81071705534969,0.7529947189031153
lam2,K5_plus,79.43282347242814,0.7524178668851469
lam2,K5_plus,158.48931924611142,0.7523687750834778
lam2,K5_plus,316.22776601683796,0.75245468874909
lam2,K5_plus,630.957344480193,0.7523687660454045
lam2,K5_plus,1258.9254117941662,0.7520005489123206
lam2,K5_plus,2511.886431509577,0.7516323385577917
lam2,K5_plus,5011.872336272725,0.751558697089424
lam2,K5_plus,10000.0,0.7515832437434313
geo,K3_eesm,0.01,0.7487111978565305
geo,K3_eesm,0.0199526231496888,0.7452009939470516
geo,K3_eesm,0.039810717055349734,0.7362167302871713
geo,K3_eesm,0.07943282347242814,0.7209484207699143
geo,K3_eesm,0.15848931924611134,0.7142838901012459
geo,K3_eesm,0.31622776601683794,0.7089203674940873
geo,K3_eesm,0.630957344480193,0.7106632236126295
geo,K3_eesm,1.2589254117941675,0.7090676428990946
geo,K3_eesm,2.5118864315095797,0.7122219410377185
geo,K3_eesm,5.01187233627272,0.7126024107855546
geo,K3_eesm,10.0,0.7126760658110323
geo,K3_eesm,19.952623149688787,0.7130688205600503
geo,K3_eesm,39.81071705534969,0.7127987975747233
geo,K3_eesm,79.43282347242814,0.7139770655876412
geo,K3_eesm,158.48931924611142,0.714075250697325
geo,K3_eesm,316.22776601683796,0.7143820895212125
geo,K3_eesm,630.957344480193,0.7143943639779755
geo,K3_eesm,1258.9254117941662,0.7143575428672053
geo,K3_eesm,2511.886431509577,0.7143943647311481
geo,K3_eesm,5011.872336272725,0.7143943647311481
geo,K3_eesm,10000.0,0.7143943647311481
geo,K4_pow,-2.0,0.7159653972843303
geo,K4_pow,-1.0,0.7146766546415101
geo,K4_pow,-0.5,0.7140629875381539
geo,K4_pow,1.0,0.7143575458798963
geo,K4_pow,2.0,0.7142225306213691
geo,K5_plus,0.01,0.7265083520082524
geo,K5_plus,0.0199526231496888,0.723918634443525
geo,K5_plus,0.039810717055349734,0.7184077859687827
geo,K5_plus,0.07943282347242814,0.7191810451115848
geo,K5_plus,0.15848931924611134,0.7175486523253533
geo,K5_plus,0.31622776601683794,0.7189355845968937
geo,K5_plus,0.630957344480193,0.7183341701082897
geo,K5_plus,1.2589254117941675,0.7155603492492298
geo,K5_plus,2.5118864315095797,0.7166895307326879
geo,K5_plus,5.01187233627272,0.7170945606916416
geo,K5_plus,10.0,0.7180641697181462
geo,K5_plus,19.952623149688787,0.7185551178617485
geo,K5_plus,39.81071705534969,0.7159285663823138
geo,K5_plus,79.43282347242814,0.7145662018536185
geo,K5_plus,158.48931924611142,0.7143943662374937
geo,K5_plus,316.22776601683796,0.7144189143978468
geo,K5_plus,630.957344480193,0.7143452721763064
geo,K5_plus,1258.9254117941662,0.7143698195834864
geo,K5_plus,2511.886431509577,0.7143698195834864
geo,K5_plus,5011.872336272725,0.7143698195834864
geo,K5_plus,10000.0,0.7143575458798963
fro,K3_eesm,0.01,0.771613692259327
fro,K3_eesm,0.0199526231496888,0.7708404639966089
fro,K3_eesm,0.039810717055349734,0.7717854947358495
fro,K3_eesm,0.07943282347242814,0.7693799128518841
fro,K3_eesm,0.15848931924611134,0.7726446901394468
fro,K3_eesm,0.31622776601683794,0.7692694216521809
fro,K3_eesm,0.630957344480193,0.7700304018191834
fro,K3_eesm,1.2589254117941675,0.7676861462754928
fro,K3_eesm,2.5118864315095797,0.7748416958860046
fro,K3_eesm,5.01187233627272,0.7661273814005187
fro,K3_eesm,10.0,0.77012857412493
fro,K3_eesm,19.952623149688787,0.7673792954008408
fro,K3_eesm,39.81071705534969,0.7647772845500312
fro,K3_eesm,79.43282347242814,0.7654400705692765
fro,K3_eesm,158.48931924611142,0.7679684030462524
fro,K3_eesm,316.22776601683796,0.7657591657737803
fro,K3_eesm,630.957344480193,0.7657591657737803
fro,K3_eesm,1258.9254117941662,0.7657714424900615
fro,K3_eesm,2511.886431509577,0.7653541365679996
fro,K3_eesm,5011.872336272725,0.7660291864995888
fro,K3_eesm,10000.0,0.7682875306371857
fro,K4_pow,-2.0,0.7902204062222314
fro,K4_pow,-1.0,0.7694412550087872
fro,K4_pow,-0.5,0.771797841497199
fro,K4_pow,1.0,0.7776767971417997
fro,K4_pow,2.0,0.8006528825503876
fro,K5_plus,0.01,0.7715768734080752
fro,K5_plus,0.0199526231496888,0.7708772851073791
fro,K5_plus,0.039810717055349734,0.7695762913561524
fro,K5_plus,0.07943282347242814,0.7696008432823691
fro,K5_plus,0.15848931924611134,0.7692448885552835
fro,K5_plus,0.31622776601683794,0.7684593926143576
fro,K5_plus,0.630957344480193,0.7960012852140284
fro,K5_plus,1.2589254117941675,0.774313937176051
fro,K5_plus,2.5118864315095797,0.766262410216156
fro,K5_plus,5.01187233627272,0.7888825808158156
fro,K5_plus,10.0,0.768348915724937
fro,K5_plus,19.952623149688787,0.7662255680165482
fro,K5_plus,39.81071705534969,0.7703126668748437
fro,K5_plus,79.43282347242814,0.769490344550938
fro,K5_plus,158.48931924611142,0.7711840960638738
fro,K5_plus,316.22776601683796,0.7709754438560157
fro,K5_plus,630.957344480193,0.7708527075732878
fro,K5_plus,1258.9254117941662,0.7710490815585194
fro,K5_plus,2511.886431509577,0.769895376016237
fro,K5_plus,5011.872336272725,0.770754522463604
fro,K5_plus,10000.0,0.7697112802536324
