feature,theta,kernel,kernel_label,param,param_value,n_params,weights,acc,acc_std,mae_ord,mae_ord_std,acc1,acc1_std,rmse,r2
eig,1.0,K1_lin,线性核,,,0,off,0.3700730567487005,0.009420193128561986,0.8616999817156241,0.017415262831019605,0.8050475122581855,0.00660262599603199,58.43660114109241,0.6454759017215432
eig,1.0,K2_cap,香农容量核,,,0,off,0.3685511265260734,0.00942347255565533,0.8626819141728742,0.016983022105252293,0.8052929471605642,0.006187176238496478,58.39610623813627,0.6459692211276649
eig,1.0,K3_eesm,EESM指数核,beta_EESM,0.01,1,off,0.35981219523277985,0.007977412567792132,0.8750540124321702,0.013529343759798305,0.7969467502806236,0.005192503083999084,58.85339857455962,0.6404271013800154
eig,1.0,K3_eesm,EESM指数核,beta_EESM,0.0199526231496888,1,off,0.3602049296461328,0.007656153300448909,0.8756431140521996,0.013416615027240052,0.795915822445572,0.005595472283193838,58.9104570323682,0.6397312487023218
eig,1.0,K3_eesm,EESM指数核,beta_EESM,0.039810717055349734,1,off,0.36030312530245456,0.007985927263276444,0.8759377251271319,0.013176740102739339,0.7964558804758661,0.005544609159426505,58.87934064915322,0.6401091249886294
eig,1.0,K3_eesm,EESM指数核,beta_EESM,0.07943282347242814,1,off,0.36172688397472685,0.00797104081598272,0.8722555748363113,0.013702699000657351,0.798714260041431,0.006025769210443046,58.61688360062401,0.6433256220089156
eig,1.0,K3_eesm,EESM指数核,beta_EESM,0.15848931924611134,1,off,0.363150690858933,0.008729424025482905,0.8731391428954713,0.014987601587917848,0.7971923900837213,0.006321620742745789,58.70101814186935,0.6423012016901296
eig,1.0,K3_eesm,EESM指数核,beta_EESM,0.31622776601683794,1,off,0.36354337706035206,0.008306749715145516,0.8714207852012505,0.0159912666265726,0.79886168008224,0.007060046828656224,58.65919753995411,0.6427978814713081
eig,1.0,K3_eesm,EESM指数核,beta_EESM,0.630957344480193,1,off,0.36486907265912083,0.010246963430549233,0.8676896033736783,0.016201183556133585,0.8019053958916924,0.0061130532776606395,58.58980942942704,0.6436490181300601
eig,1.0,K3_eesm,EESM指数核,beta_EESM,1.2589254117941675,1,off,0.3648688798113853,0.008719141521635722,0.8652840930389079,0.014801964699357645,0.8043602149818344,0.007663924580802772,58.437707297189775,0.6454877894073364
eig,1.0,K3_eesm,EESM指数核,beta_EESM,2.5118864315095797,1,off,0.364721761095163,0.009760107415594688,0.8658730259171687,0.01757494555447111,0.8049002127472112,0.006520407576367917,58.39387517570408,0.6459924343028334
eig,1.0,K3_eesm,EESM指数核,beta_EESM,5.01187233627272,1,off,0.3674710225184685,0.009900235713518035,0.8658730500231357,0.017102783942905743,0.8027400047320012,0.006941114696766074,58.62165256167117,0.6432349884558641
eig,1.0,K3_eesm,EESM指数核,beta_EESM,10.0,1,off,0.3684039837038843,0.011428194841152425,0.8638601053599497,0.01834730300142066,0.804703773222634,0.005721284188149776,58.51757411589706,0.6445042092991938
eig,1.0,K3_eesm,EESM指数核,beta_EESM,19.952623149688787,1,off,0.36992582955562703,0.01030508613623831,0.8624363587406609,0.018023573850601934,0.8051457320204742,0.006833237265851051,58.51667926891356,0.6445048786862165
eig,1.0,K3_eesm,EESM指数核,beta_EESM,39.81071705534969,1,off,0.3699258416086105,0.010434546161218044,0.8619453925120357,0.018309776168785857,0.8053421112801342,0.006954850469052003,58.47514774281372,0.6450093990140662
eig,1.0,K3_eesm,EESM指数核,beta_EESM,79.43282347242814,1,off,0.36972945029596704,0.01025856229766882,0.8620926679170431,0.018200136463979034,0.8051457199674907,0.006737639352353008,58.46339252779349,0.6451511811486942
eig,1.0,K3_eesm,EESM指数核,beta_EESM,158.48931924611142,1,off,0.3698276338993053,0.009973928988528767,0.8617981171070284,0.017957113482308096,0.805243903570829,0.006764898834494211,58.437896581422265,0.6454598682631969
eig,1.0,K3_eesm,EESM指数核,beta_EESM,316.22776601683796,1,off,0.3700240372649322,0.01029252208951993,0.8613071629313869,0.01806034256761567,0.8052438915178455,0.006650227248358988,58.39786350230992,0.6459510632379387
eig,1.0,K3_eesm,EESM指数核,beta_EESM,630.957344480193,1,off,0.36972941413701665,0.009732683478588447,0.8619945325256388,0.017505673997406546,0.804851145051509,0.006670631122544997,58.42776313836832,0.6455914811621403
eig,1.0,K3_eesm,EESM指数核,beta_EESM,1258.9254117941662,1,off,0.3701221485503696,0.009414719719987648,0.8618472571206315,0.017460112850681626,0.8049002368531781,0.006629746339931937,58.45239736700368,0.6452854859477211
eig,1.0,K3_eesm,EESM指数核,beta_EESM,2511.886431509577,1,off,0.3701221485503696,0.009414719719987648,0.861650889913955,0.01740693404530579,0.8050475122581855,0.00660262599603199,58.43571233448297,0.6454866371581388
eig,1.0,K3_eesm,EESM指数核,beta_EESM,5011.872336272725,1,off,0.3701221485503696,0.009414719719987648,0.861650889913955,0.01740693404530579,0.8050475122581855,0.00660262599603199,58.43571233448297,0.6454866371581388
eig,1.0,K3_eesm,EESM指数核,beta_EESM,10000.0,1,off,0.3700730567487005,0.009420193128561986,0.8616999817156241,0.017415262831019605,0.8050475122581855,0.00660262599603199,58.43660114109241,0.6454759017215432
eig,1.0,K4_pow,幂函数核,q,-2.0,1,off,0.36899291658214517,0.009512428988670232,0.8652839122441559,0.016807126206568577,0.8026419175525309,0.007651190039326342,58.60632870394552,0.6434211087264737
eig,1.0,K4_pow,幂函数核,q,-1.0,1,off,0.36948387075778677,0.009616289916760836,0.8647438421608781,0.017143758724260855,0.8027400891028856,0.007480525795164508,58.591935707731224,0.6435934068862655
eig,1.0,K4_pow,幂函数核,q,-0.5,1,off,0.36845296702870217,0.009782802902388702,0.8637619579155619,0.017432413341422273,0.8047038334875513,0.006258690753788778,58.47077460680932,0.6450620669550785
eig,1.0,K4_pow,幂函数核,q,1.0,1,off,0.3700730567487005,0.009420193128561986,0.8616999817156241,0.017415262831019605,0.8050475122581855,0.00660262599603199,58.43660114109241,0.6454759017215432
eig,1.0,K4_pow,幂函数核,q,2.0,1,off,0.36943473074418376,0.00873380911444445,0.8621419043545139,0.01654645966618831,0.8049984445624834,0.006895134613231472,58.44512748754037,0.6453787312230297
eig,1.0,K5_plus,正指数核,beta_plus,0.01,1,off,0.37375512266863664,0.009200520226223639,0.8528630355607607,0.016922547427103383,0.8093186315862173,0.0058585937849352215,58.125975722840465,0.6492426454558052
eig,1.0,K5_plus,正指数核,beta_plus,0.0199526231496888,1,off,0.3740495770547836,0.008141681639366505,0.8539923639528529,0.015411630509049926,0.8083367593938844,0.005827217761937212,58.22790431968008,0.648011618533335
eig,1.0,K5_plus,正指数核,beta_plus,0.039810717055349734,1,off,0.3735095551834398,0.008625561046364789,0.8549250961315827,0.01609880764042602,0.8080422326898367,0.006298359372918281,58.271216987416366,0.6474843936273376
eig,1.0,K5_plus,正指数核,beta_plus,0.07943282347242814,1,off,0.3742458960495262,0.0077025041641743215,0.8556614852096033,0.016233217096921982,0.8072076841144451,0.006714727509495861,58.34954061058894,0.6465347425523855
eig,1.0,K5_plus,正指数核,beta_plus,0.15848931924611134,1,off,0.3736077146808111,0.007927340882904211,0.8554160503072247,0.015945179743273363,0.807158544100842,0.006528437983480311,58.30633697875078,0.6470574198867525
eig,1.0,K5_plus,正指数核,beta_plus,0.31622776601683794,1,off,0.3722822963006622,0.009911578260611703,0.8568397246086125,0.0161525663063814,0.8074039548972538,0.00608884719864145,58.26378047886327,0.64758485313136
eig,1.0,K5_plus,正指数核,beta_plus,0.630957344480193,1,off,0.370858308621704,0.0070894586971071,0.8593927393550762,0.015173785563420816,0.8064711624536066,0.005794769746980684,58.33845723053736,0.6466746486904532
eig,1.0,K5_plus,正指数核,beta_plus,1.2589254117941675,1,off,0.3714476874603532,0.009604705928049483,0.8590980439092599,0.016300756530341975,0.8072075876905773,0.006124080580837986,58.340429595752894,0.6466617244518615
eig,1.0,K5_plus,正指数核,beta_plus,2.5118864315095797,1,off,0.3706131027260112,0.009898199037628522,0.8606199138669695,0.01747939906248177,0.8055384182218933,0.006110772300888172,58.3695216979793,0.6462901023907677
eig,1.0,K5_plus,正指数核,beta_plus,5.01187233627272,1,off,0.37017124035203874,0.009582835856900333,0.8605708461712673,0.017306303393766074,0.8059802203309484,0.005698264524214847,58.34871317066792,0.6465252623387452
eig,1.0,K5_plus,正指数核,beta_plus,10.0,1,off,0.37012216060335307,0.00960906086685946,0.8618963971342344,0.016790545129817414,0.8044583021613049,0.005883249757613135,58.42859641578535,0.6455852384335679
eig,1.0,K5_plus,正指数核,beta_plus,19.952623149688787,1,off,0.36845266570411545,0.006848434820572442,0.8627310541864773,0.016437888044883147,0.8052439879417133,0.007658546110198868,58.46176636589987,0.6451635589070636
eig,1.0,K5_plus,正指数核,beta_plus,39.81071705534969,1,off,0.36835450620674415,0.00727592476608012,0.863221984256152,0.01653374041171932,0.8050966884307389,0.0074651281303556435,58.506574245960906,0.64461885659589
eig,1.0,K5_plus,正指数核,beta_plus,79.43282347242814,1,off,0.3682562623384885,0.006563676381638764,0.8631238488647476,0.01613339416310533,0.805145780232408,0.007439962837739387,58.4867619234285,0.6448571179009177
eig,1.0,K5_plus,正指数核,beta_plus,158.48931924611142,1,off,0.36968023796446325,0.008772662590699424,0.8621910082091665,0.01664508673032421,0.804998408403533,0.00651874963719063,58.45137924494211,0.6452989587201214
eig,1.0,K5_plus,正指数核,beta_plus,316.22776601683796,1,off,0.3696311582157776,0.008939856956776286,0.8620928004998614,0.016873110607285812,0.8051456958615237,0.006564322140851905,58.446087072879436,0.6453638506213979
eig,1.0,K5_plus,正指数核,beta_plus,630.957344480193,1,off,0.3696802620704302,0.009008239362368808,0.8620436966452087,0.016932828077075433,0.8051456958615237,0.006564322140851905,58.44506519200917,0.6453759363036217
eig,1.0,K5_plus,正指数核,beta_plus,1258.9254117941662,1,off,0.3698275615814045,0.009161012284367703,0.8618963850812509,0.017166135930881576,0.8050966040598546,0.006596484515296578,58.43841862834137,0.6454545377058215
eig,1.0,K5_plus,正指数核,beta_plus,2511.886431509577,1,off,0.3700730567487005,0.009420193128561986,0.8616999817156241,0.017415262831019605,0.8050475122581855,0.00660262599603199,58.43660114109241,0.6454759017215432
eig,1.0,K5_plus,正指数核,beta_plus,5011.872336272725,1,off,0.3700730567487005,0.009420193128561986,0.8616999817156241,0.017415262831019605,0.8050475122581855,0.00660262599603199,58.43660114109241,0.6454759017215432
eig,1.0,K5_plus,正指数核,beta_plus,10000.0,1,off,0.3700730567487005,0.009420193128561986,0.8616999817156241,0.017415262831019605,0.8050475122581855,0.00660262599603199,58.43660114109241,0.6454759017215432
eig,0.5,K1_lin,线性核,,,0,off,0.4063534650700321,0.007655845976289897,0.7889918655619866,0.013682693038549876,0.8279743358233592,0.005582792429706703,55.18819836394655,0.6838399813370837
eig,0.5,K2_cap,香农容量核,,,0,off,0.4063534650700321,0.007655845976289897,0.7889918655619866,0.013682693038549876,0.8279743358233592,0.005582792429706703,55.18819836394655,0.6838399813370837
eig,0.5,K3_eesm,EESM指数核,beta_EESM,0.01,1,off,0.40620617761204125,0.0077506698050145185,0.7892864284249849,0.013697676056061116,0.8278270604183519,0.005546200202070346,55.20384715052554,0.6836603451660886
eig,0.5,K3_eesm,EESM指数核,beta_EESM,0.0199526231496888,1,off,0.40645164867337036,0.007773976574626571,0.7890409573636558,0.013720551264526402,0.8278270604183519,0.005546200202070346,55.19969536616285,0.6837080233111766
eig,0.5,K3_eesm,EESM指数核,beta_EESM,0.039810717055349734,1,off,0.4062552814666939,0.007708499782240971,0.7890900491653249,0.013716903544969763,0.8279743358233592,0.005582792429706703,55.19240821956305,0.6837917417620858
eig,0.5,K3_eesm,EESM指数核,beta_EESM,0.07943282347242814,1,off,0.4063534650700321,0.007655845976289897,0.7889918655619866,0.013682693038549876,0.8279743358233592,0.005582792429706703,55.18819836394655,0.6838399813370837
eig,0.5,K3_eesm,EESM指数核,beta_EESM,0.15848931924611134,1,off,0.4063534650700321,0.007655845976289897,0.7889918655619866,0.013682693038549876,0.8279743358233592,0.005582792429706703,55.18819836394655,0.6838399813370837
eig,0.5,K3_eesm,EESM指数核,beta_EESM,0.31622776601683794,1,off,0.4063534650700321,0.007655845976289897,0.7889918655619866,0.013682693038549876,0.8279743358233592,0.005582792429706703,55.18819836394655,0.6838399813370837
eig,0.5,K3_eesm,EESM指数核,beta_EESM,0.630957344480193,1,off,0.4063534650700321,0.007655845976289897,0.7889918655619866,0.013682693038549876,0.8279743358233592,0.005582792429706703,55.18819836394655,0.6838399813370837
eig,0.5,K3_eesm,EESM指数核,beta_EESM,1.2589254117941675,1,off,0.4063534650700321,0.007655845976289897,0.7889918655619866,0.013682693038549876,0.8279743358233592,0.005582792429706703,55.18819836394655,0.6838399813370837
eig,0.5,K3_eesm,EESM指数核,beta_EESM,2.5118864315095797,1,off,0.4063534650700321,0.007655845976289897,0.7889918655619866,0.013682693038549876,0.8279743358233592,0.005582792429706703,55.18819836394655,0.6838399813370837
eig,0.5,K3_eesm,EESM指数核,beta_EESM,5.01187233627272,1,off,0.4063534650700321,0.007655845976289897,0.7889918655619866,0.013682693038549876,0.8279743358233592,0.005582792429706703,55.18819836394655,0.6838399813370837
eig,0.5,K3_eesm,EESM指数核,beta_EESM,10.0,1,off,0.4063534650700321,0.007655845976289897,0.7889918655619866,0.013682693038549876,0.8279743358233592,0.005582792429706703,55.18819836394655,0.6838399813370837
eig,0.5,K3_eesm,EESM指数核,beta_EESM,19.952623149688787,1,off,0.4063534650700321,0.007655845976289897,0.7889918655619866,0.013682693038549876,0.8279743358233592,0.005582792429706703,55.18819836394655,0.6838399813370837
eig,0.5,K3_eesm,EESM指数核,beta_EESM,39.81071705534969,1,off,0.4063534650700321,0.007655845976289897,0.7889918655619866,0.013682693038549876,0.8279743358233592,0.005582792429706703,55.18819836394655,0.6838399813370837
eig,0.5,K3_eesm,EESM指数核,beta_EESM,79.43282347242814,1,off,0.4063534650700321,0.007655845976289897,0.7889918655619866,0.013682693038549876,0.8279743358233592,0.005582792429706703,55.18819836394655,0.6838399813370837
eig,0.5,K3_eesm,EESM指数核,beta_EESM,158.48931924611142,1,off,0.4063534650700321,0.007655845976289897,0.7889918655619866,0.013682693038549876,0.8279743358233592,0.005582792429706703,55.18819836394655,0.6838399813370837
eig,0.5,K3_eesm,EESM指数核,beta_EESM,316.22776601683796,1,off,0.4063534650700321,0.007655845976289897,0.7889918655619866,0.013682693038549876,0.8279743358233592,0.005582792429706703,55.18819836394655,0.6838399813370837
eig,0.5,K3_eesm,EESM指数核,beta_EESM,630.957344480193,1,off,0.4063534650700321,0.007655845976289897,0.7889918655619866,0.013682693038549876,0.8279743358233592,0.005582792429706703,55.18819836394655,0.6838399813370837
eig,0.5,K3_eesm,EESM指数核,beta_EESM,1258.9254117941662,1,off,0.4063534650700321,0.007655845976289897,0.7889918655619866,0.013682693038549876,0.8279743358233592,0.005582792429706703,55.18819836394655,0.6838399813370837
eig,0.5,K3_eesm,EESM指数核,beta_EESM,2511.886431509577,1,off,0.4063534650700321,0.007655845976289897,0.7889918655619866,0.013682693038549876,0.8279743358233592,0.005582792429706703,55.18819836394655,0.6838399813370837
eig,0.5,K3_eesm,EESM指数核,beta_EESM,5011.872336272725,1,off,0.4063534650700321,0.007655845976289897,0.7889918655619866,0.013682693038549876,0.8279743358233592,0.005582792429706703,55.18819836394655,0.6838399813370837
eig,0.5,K3_eesm,EESM指数核,beta_EESM,10000.0,1,off,0.4063534650700321,0.007655845976289897,0.7889918655619866,0.013682693038549876,0.8279743358233592,0.005582792429706703,55.18819836394655,0.6838399813370837
eig,0.5,K4_pow,幂函数核,q,-2.0,1,off,0.40164047131504443,0.008504890923452966,0.7947851441193313,0.01260018912695161,0.8262067657976345,0.004642078707811447,55.42539332993613,0.6811335020132698
eig,0.5,K4_pow,幂函数核,q,-1.0,1,off,0.40242592808876687,0.008342439985861354,0.7930177910473091,0.012483701821693961,0.8267467876689784,0.004554571883738376,55.34869085957748,0.682012369528787
eig,0.5,K4_pow,幂函数核,q,-0.5,1,off,0.4032114812863571,0.00917963076058449,0.7912992766643031,0.014269776716389826,0.8278270363123849,0.0055032492624382135,55.22993444854293,0.6833601928603088
eig,0.5,K4_pow,幂函数核,q,1.0,1,off,0.4063534650700321,0.007655845976289897,0.7889918655619866,0.013682693038549876,0.8279743358233592,0.005582792429706703,55.18819836394655,0.6838399813370837
eig,0.5,K4_pow,幂函数核,q,2.0,1,off,0.40738442906403405,0.007826353294679888,0.7878627300176299,0.013811751042843365,0.8283179663820596,0.005472887287257024,55.165379691918226,0.6841012498919253
eig,0.5,K5_plus,正指数核,beta_plus,0.01,1,off,0.4063534650700321,0.007696660243921753,0.7890409573636556,0.01372757543784722,0.8279252440216901,0.005586174611959664,55.19234838828523,0.6837920857445111
eig,0.5,K5_plus,正指数核,beta_plus,0.0199526231496888,1,off,0.4062552814666939,0.007749036726619674,0.7890900491653249,0.013755502355715583,0.8279743358233592,0.005582792429706703,55.190043860326156,0.6838184961359838
eig,0.5,K5_plus,正指数核,beta_plus,0.039810717055349734,1,off,0.40620618966502475,0.007734224881518727,0.789139140966994,0.013751688656584023,0.8279743358233592,0.005582792429706703,55.1921429623873,0.6837943908019396
eig,0.5,K5_plus,正指数核,beta_plus,0.07943282347242814,1,off,0.4063534650700321,0.007655845976289897,0.7889918655619866,0.013682693038549876,0.8279743358233592,0.005582792429706703,55.18819836394655,0.6838399813370837
eig,0.5,K5_plus,正指数核,beta_plus,0.15848931924611134,1,off,0.4063534650700321,0.007655845976289897,0.7889918655619866,0.013682693038549876,0.8279743358233592,0.005582792429706703,55.18819836394655,0.6838399813370837
eig,0.5,K5_plus,正指数核,beta_plus,0.31622776601683794,1,off,0.4063534650700321,0.007655845976289897,0.7889918655619866,0.013682693038549876,0.8279743358233592,0.005582792429706703,55.18819836394655,0.6838399813370837
eig,0.5,K5_plus,正指数核,beta_plus,0.630957344480193,1,off,0.4063534650700321,0.007655845976289897,0.7889918655619866,0.013682693038549876,0.8279743358233592,0.005582792429706703,55.18819836394655,0.6838399813370837
eig,0.5,K5_plus,正指数核,beta_plus,1.2589254117941675,1,off,0.4063534650700321,0.007655845976289897,0.7889918655619866,0.013682693038549876,0.8279743358233592,0.005582792429706703,55.18819836394655,0.6838399813370837
eig,0.5,K5_plus,正指数核,beta_plus,2.5118864315095797,1,off,0.4063534650700321,0.007655845976289897,0.7889918655619866,0.013682693038549876,0.8279743358233592,0.005582792429706703,55.18819836394655,0.6838399813370837
eig,0.5,K5_plus,正指数核,beta_plus,5.01187233627272,1,off,0.4063534650700321,0.007655845976289897,0.7889918655619866,0.013682693038549876,0.8279743358233592,0.005582792429706703,55.18819836394655,0.6838399813370837
eig,0.5,K5_plus,正指数核,beta_plus,10.0,1,off,0.4063534650700321,0.007655845976289897,0.7889918655619866,0.013682693038549876,0.8279743358233592,0.005582792429706703,55.18819836394655,0.6838399813370837
eig,0.5,K5_plus,正指数核,beta_plus,19.952623149688787,1,off,0.4063534650700321,0.007655845976289897,0.7889918655619866,0.013682693038549876,0.8279743358233592,0.005582792429706703,55.18819836394655,0.6838399813370837
eig,0.5,K5_plus,正指数核,beta_plus,39.81071705534969,1,off,0.4063534650700321,0.007655845976289897,0.7889918655619866,0.013682693038549876,0.8279743358233592,0.005582792429706703,55.18819836394655,0.6838399813370837
eig,0.5,K5_plus,正指数核,beta_plus,79.43282347242814,1,off,0.4063534650700321,0.007655845976289897,0.7889918655619866,0.013682693038549876,0.8279743358233592,0.005582792429706703,55.18819836394655,0.6838399813370837
eig,0.5,K5_plus,正指数核,beta_plus,158.48931924611142,1,off,0.4063534650700321,0.007655845976289897,0.7889918655619866,0.013682693038549876,0.8279743358233592,0.005582792429706703,55.18819836394655,0.6838399813370837
eig,0.5,K5_plus,正指数核,beta_plus,316.22776601683796,1,off,0.4063534650700321,0.007655845976289897,0.7889918655619866,0.013682693038549876,0.8279743358233592,0.005582792429706703,55.18819836394655,0.6838399813370837
eig,0.5,K5_plus,正指数核,beta_plus,630.957344480193,1,off,0.4063534650700321,0.007655845976289897,0.7889918655619866,0.013682693038549876,0.8279743358233592,0.005582792429706703,55.18819836394655,0.6838399813370837
eig,0.5,K5_plus,正指数核,beta_plus,1258.9254117941662,1,off,0.4063534650700321,0.007655845976289897,0.7889918655619866,0.013682693038549876,0.8279743358233592,0.005582792429706703,55.18819836394655,0.6838399813370837
eig,0.5,K5_plus,正指数核,beta_plus,2511.886431509577,1,off,0.4063534650700321,0.007655845976289897,0.7889918655619866,0.013682693038549876,0.8279743358233592,0.005582792429706703,55.18819836394655,0.6838399813370837
eig,0.5,K5_plus,正指数核,beta_plus,5011.872336272725,1,off,0.4063534650700321,0.007655845976289897,0.7889918655619866,0.013682693038549876,0.8279743358233592,0.005582792429706703,55.18819836394655,0.6838399813370837
eig,0.5,K5_plus,正指数核,beta_plus,10000.0,1,off,0.4063534650700321,0.007655845976289897,0.7889918655619866,0.013682693038549876,0.8279743358233592,0.005582792429706703,55.18819836394655,0.6838399813370837
eig,0.0,K1_lin,线性核,,,0,off,0.4214253713614604,0.00921834053035434,0.7560498202839899,0.013267766682343148,0.8408369061389582,0.00459549130332164,53.49246496920183,0.7029818412628701
eig,0.0,K2_cap,香农容量核,,,0,off,0.4214253713614604,0.00921834053035434,0.7560498202839899,0.013267766682343148,0.8408369061389582,0.00459549130332164,53.49246496920183,0.7029818412628701
eig,0.0,K3_eesm,EESM指数核,beta_EESM,0.01,1,off,0.4214253713614604,0.00921834053035434,0.7560498202839899,0.013267766682343148,0.8408369061389582,0.00459549130332164,53.49246496920183,0.7029818412628701
eig,0.0,K3_eesm,EESM指数核,beta_EESM,0.0199526231496888,1,off,0.4214253713614604,0.00921834053035434,0.7560498202839899,0.013267766682343148,0.8408369061389582,0.00459549130332164,53.49246496920183,0.7029818412628701
eig,0.0,K3_eesm,EESM指数核,beta_EESM,0.039810717055349734,1,off,0.4214253713614604,0.00921834053035434,0.7560498202839899,0.013267766682343148,0.8408369061389582,0.00459549130332164,53.49246496920183,0.7029818412628701
eig,0.0,K3_eesm,EESM指数核,beta_EESM,0.07943282347242814,1,off,0.4214253713614604,0.00921834053035434,0.7560498202839899,0.013267766682343148,0.8408369061389582,0.00459549130332164,53.49246496920183,0.7029818412628701
eig,0.0,K3_eesm,EESM指数核,beta_EESM,0.15848931924611134,1,off,0.4214253713614604,0.00921834053035434,0.7560498202839899,0.013267766682343148,0.8408369061389582,0.00459549130332164,53.49246496920183,0.7029818412628701
eig,0.0,K3_eesm,EESM指数核,beta_EESM,0.31622776601683794,1,off,0.4214253713614604,0.00921834053035434,0.7560498202839899,0.013267766682343148,0.8408369061389582,0.00459549130332164,53.49246496920183,0.7029818412628701
eig,0.0,K3_eesm,EESM指数核,beta_EESM,0.630957344480193,1,off,0.4214253713614604,0.00921834053035434,0.7560498202839899,0.013267766682343148,0.8408369061389582,0.00459549130332164,53.49246496920183,0.7029818412628701
eig,0.0,K3_eesm,EESM指数核,beta_EESM,1.2589254117941675,1,off,0.4214253713614604,0.00921834053035434,0.7560498202839899,0.013267766682343148,0.8408369061389582,0.00459549130332164,53.49246496920183,0.7029818412628701
eig,0.0,K3_eesm,EESM指数核,beta_EESM,2.5118864315095797,1,off,0.4214253713614604,0.00921834053035434,0.7560498202839899,0.013267766682343148,0.8408369061389582,0.00459549130332164,53.49246496920183,0.7029818412628701
eig,0.0,K3_eesm,EESM指数核,beta_EESM,5.01187233627272,1,off,0.4214253713614604,0.00921834053035434,0.7560498202839899,0.013267766682343148,0.8408369061389582,0.00459549130332164,53.49246496920183,0.7029818412628701
eig,0.0,K3_eesm,EESM指数核,beta_EESM,10.0,1,off,0.4214253713614604,0.00921834053035434,0.7560498202839899,0.013267766682343148,0.8408369061389582,0.00459549130332164,53.49246496920183,0.7029818412628701
eig,0.0,K3_eesm,EESM指数核,beta_EESM,19.952623149688787,1,off,0.4214253713614604,0.00921834053035434,0.7560498202839899,0.013267766682343148,0.8408369061389582,0.00459549130332164,53.49246496920183,0.7029818412628701
eig,0.0,K3_eesm,EESM指数核,beta_EESM,39.81071705534969,1,off,0.4214253713614604,0.00921834053035434,0.7560498202839899,0.013267766682343148,0.8408369061389582,0.00459549130332164,53.49246496920183,0.7029818412628701
eig,0.0,K3_eesm,EESM指数核,beta_EESM,79.43282347242814,1,off,0.4214253713614604,0.00921834053035434,0.7560498202839899,0.013267766682343148,0.8408369061389582,0.00459549130332164,53.49246496920183,0.7029818412628701
eig,0.0,K3_eesm,EESM指数核,beta_EESM,158.48931924611142,1,off,0.4214253713614604,0.00921834053035434,0.7560498202839899,0.013267766682343148,0.8408369061389582,0.00459549130332164,53.49246496920183,0.7029818412628701
eig,0.0,K3_eesm,EESM指数核,beta_EESM,316.22776601683796,1,off,0.4214253713614604,0.00921834053035434,0.7560498202839899,0.013267766682343148,0.8408369061389582,0.00459549130332164,53.49246496920183,0.7029818412628701
eig,0.0,K3_eesm,EESM指数核,beta_EESM,630.957344480193,1,off,0.4214253713614604,0.00921834053035434,0.7560498202839899,0.013267766682343148,0.8408369061389582,0.00459549130332164,53.49246496920183,0.7029818412628701
eig,0.0,K3_eesm,EESM指数核,beta_EESM,1258.9254117941662,1,off,0.4213762795597913,0.009260449208952313,0.756098912085659,0.013323281647906282,0.8408369061389582,0.00459549130332164,53.493417075692676,0.7029711058262746
eig,0.0,K3_eesm,EESM指数核,beta_EESM,2511.886431509577,1,off,0.42147446316312953,0.009152107069258841,0.7560007284823208,0.013218218939938528,0.8408369061389582,0.00459549130332164,53.49030239050198,0.7030059611759152
eig,0.0,K3_eesm,EESM指数核,beta_EESM,5011.872336272725,1,off,0.42152355496479865,0.009178813050416429,0.7559516366806517,0.013231291493467112,0.8408369061389582,0.00459549130332164,53.48813116660689,0.7030300665099591
eig,0.0,K3_eesm,EESM指数核,beta_EESM,10000.0,1,off,0.42127809595645305,0.009277315981047071,0.7561970956889973,0.013366539283252918,0.8408369061389582,0.00459549130332164,53.497726684226315,0.7029228808302775
eig,0.0,K4_pow,幂函数核,q,-2.0,1,off,0.4199033447149656,0.008248661184647444,0.7570317286352732,0.01349500529065684,0.8416715752441843,0.005404355406928238,53.48448274361605,0.7030652237389307
eig,0.0,K4_pow,幂函数核,q,-1.0,1,off,0.42063980611088675,0.008683918938472453,0.7570317527412401,0.012957876113408914,0.84073872253562,0.004852458956789087,53.514923198020526,0.7027320596678613
eig,0.0,K4_pow,幂函数核,q,-0.5,1,off,0.4210817046438097,0.009301510602360301,0.7568843929653485,0.013504350308473289,0.840247816571912,0.004511577674248549,53.525617097437284,0.702614121798238
eig,0.0,K4_pow,幂函数核,q,1.0,1,off,0.4214253713614604,0.00921834053035434,0.7560498202839899,0.013267766682343148,0.8408369061389582,0.00459549130332164,53.49246496920183,0.7029818412628701
eig,0.0,K4_pow,幂函数核,q,2.0,1,off,0.42078717793976184,0.009340575588080295,0.7563443590410213,0.013662249371331777,0.8413769280103018,0.004897569676829248,53.47419075787317,0.7031813532284712
eig,0.0,K5_plus,正指数核,beta_plus,0.01,1,off,0.4214253713614604,0.00921834053035434,0.7560498202839899,0.013267766682343148,0.8408369061389582,0.00459549130332164,53.49246496920183,0.7029818412628701
eig,0.0,K5_plus,正指数核,beta_plus,0.0199526231496888,1,off,0.4214253713614604,0.00921834053035434,0.7560498202839899,0.013267766682343148,0.8408369061389582,0.00459549130332164,53.49246496920183,0.7029818412628701
eig,0.0,K5_plus,正指数核,beta_plus,0.039810717055349734,1,off,0.4214253713614604,0.00921834053035434,0.7560498202839899,0.013267766682343148,0.8408369061389582,0.00459549130332164,53.49246496920183,0.7029818412628701
eig,0.0,K5_plus,正指数核,beta_plus,0.07943282347242814,1,off,0.4214253713614604,0.00921834053035434,0.7560498202839899,0.013267766682343148,0.8408369061389582,0.00459549130332164,53.49246496920183,0.7029818412628701
eig,0.0,K5_plus,正指数核,beta_plus,0.15848931924611134,1,off,0.4214253713614604,0.00921834053035434,0.7560498202839899,0.013267766682343148,0.8408369061389582,0.00459549130332164,53.49246496920183,0.7029818412628701
eig,0.0,K5_plus,正指数核,beta_plus,0.31622776601683794,1,off,0.4214253713614604,0.00921834053035434,0.7560498202839899,0.013267766682343148,0.8408369061389582,0.00459549130332164,53.49246496920183,0.7029818412628701
eig,0.0,K5_plus,正指数核,beta_plus,0.630957344480193,1,off,0.4214253713614604,0.00921834053035434,0.7560498202839899,0.013267766682343148,0.8408369061389582,0.00459549130332164,53.49246496920183,0.7029818412628701
eig,0.0,K5_plus,正指数核,beta_plus,1.2589254117941675,1,off,0.4214253713614604,0.00921834053035434,0.7560498202839899,0.013267766682343148,0.8408369061389582,0.00459549130332164,53.49246496920183,0.7029818412628701
eig,0.0,K5_plus,正指数核,beta_plus,2.5118864315095797,1,off,0.4214253713614604,0.00921834053035434,0.7560498202839899,0.013267766682343148,0.8408369061389582,0.00459549130332164,53.49246496920183,0.7029818412628701
eig,0.0,K5_plus,正指数核,beta_plus,5.01187233627272,1,off,0.4214253713614604,0.00921834053035434,0.7560498202839899,0.013267766682343148,0.8408369061389582,0.00459549130332164,53.49246496920183,0.7029818412628701
eig,0.0,K5_plus,正指数核,beta_plus,10.0,1,off,0.4214253713614604,0.00921834053035434,0.7560498202839899,0.013267766682343148,0.8408369061389582,0.00459549130332164,53.49246496920183,0.7029818412628701
eig,0.0,K5_plus,正指数核,beta_plus,19.952623149688787,1,off,0.4214253713614604,0.00921834053035434,0.7560498202839899,0.013267766682343148,0.8408369061389582,0.00459549130332164,53.49246496920183,0.7029818412628701
eig,0.0,K5_plus,正指数核,beta_plus,39.81071705534969,1,off,0.4214253713614604,0.00921834053035434,0.7560498202839899,0.013267766682343148,0.8408369061389582,0.00459549130332164,53.49246496920183,0.7029818412628701
eig,0.0,K5_plus,正指数核,beta_plus,79.43282347242814,1,off,0.4214253713614604,0.00921834053035434,0.7560498202839899,0.013267766682343148,0.8408369061389582,0.00459549130332164,53.49246496920183,0.7029818412628701
eig,0.0,K5_plus,正指数核,beta_plus,158.48931924611142,1,off,0.4214253713614604,0.00921834053035434,0.7560498202839899,0.013267766682343148,0.8408369061389582,0.00459549130332164,53.49246496920183,0.7029818412628701
eig,0.0,K5_plus,正指数核,beta_plus,316.22776601683796,1,off,0.4214253713614604,0.00921834053035434,0.7560498202839899,0.013267766682343148,0.8408369061389582,0.00459549130332164,53.49246496920183,0.7029818412628701
eig,0.0,K5_plus,正指数核,beta_plus,630.957344480193,1,off,0.4214253713614604,0.00921834053035434,0.7560498202839899,0.013267766682343148,0.8408369061389582,0.00459549130332164,53.49246496920183,0.7029818412628701
eig,0.0,K5_plus,正指数核,beta_plus,1258.9254117941662,1,off,0.4214253713614604,0.00921834053035434,0.7560498202839899,0.013267766682343148,0.8408369061389582,0.00459549130332164,53.49246496920183,0.7029818412628701
eig,0.0,K5_plus,正指数核,beta_plus,2511.886431509577,1,off,0.42147446316312953,0.009221624935577863,0.7560007284823208,0.013287321616390606,0.8408369061389582,0.00459549130332164,53.489083273097734,0.7030193310733637
eig,0.0,K5_plus,正指数核,beta_plus,5011.872336272725,1,off,0.4214253713614604,0.00921834053035434,0.7560498202839899,0.013267766682343148,0.8408369061389582,0.00459549130332164,53.49246496920183,0.7029818412628701
eig,0.0,K5_plus,正指数核,beta_plus,10000.0,1,off,0.42147446316312953,0.009137612557892484,0.7559516125746848,0.013433361754810781,0.8409351138482632,0.004745573424360831,53.49334165236403,0.7029696486192174
gamF,1.0,K1_lin,线性核,,,0,off,0.3762588045537618,0.008337265547940445,0.8519795157135348,0.014778268953687487,0.8077477059857887,0.0073011209337479985,58.20881882431486,0.6482766838754068
gamF,1.0,K2_cap,香农容量核,,,0,off,0.375865997822508,0.007734747991274152,0.8518322764674778,0.01558228524109587,0.8071094281932061,0.006863347886634374,58.12217378759733,0.6492882113518249
gamF,1.0,K3_eesm,EESM指数核,beta_EESM,0.01,1,off,0.37778068656445496,0.007887781245021106,0.8496721287171853,0.014464410056042936,0.8087295781781216,0.006911483119097257,58.18228935569806,0.6485951682420131
gamF,1.0,K3_eesm,EESM指数核,beta_EESM,0.0199526231496888,1,off,0.37728975649478025,0.007982505533550104,0.8476101766232145,0.014530037133532438,0.8102514963477653,0.006501295940449276,58.066829681634125,0.649990802615036
gamF,1.0,K3_eesm,EESM指数核,beta_EESM,0.039810717055349734,1,off,0.37846811642362427,0.00888796644951327,0.8462354494876939,0.01541448092327948,0.8103496799511035,0.006478403719815174,57.99793919643739,0.650814292271602
gamF,1.0,K3_eesm,EESM指数核,beta_EESM,0.07943282347242814,1,off,0.3781244738119404,0.009185005387045333,0.8491319742630233,0.015600380043695614,0.8087786699797908,0.0069003781723774105,58.13828489572603,0.6491259692574427
gamF,1.0,K3_eesm,EESM指数核,beta_EESM,0.15848931924611134,1,off,0.3759643140086644,0.008932740377360538,0.8531576707416599,0.016555072064277632,0.8057347974815532,0.006611216489259681,58.18785367984823,0.648505486593771
gamF,1.0,K3_eesm,EESM指数核,beta_EESM,0.31622776601683794,1,off,0.3772406646931111,0.007835446436131245,0.8472664857995967,0.01478699797221523,0.8097605060131732,0.006081135056453699,57.974043780124326,0.6510946849352656
gamF,1.0,K3_eesm,EESM指数核,beta_EESM,0.630957344480193,1,off,0.3774861839663741,0.008271819341223341,0.8470209665263336,0.01528773568446199,0.8097605060131732,0.006093012709185609,57.94684744349907,0.651419629570819
gamF,1.0,K3_eesm,EESM指数核,beta_EESM,1.2589254117941675,1,off,0.3786645077362677,0.009105891025245515,0.846480896443056,0.01571133804259817,0.809956933484767,0.006503801020145827,58.02403214068644,0.650500829886103
gamF,1.0,K3_eesm,EESM指数核,beta_EESM,2.5118864315095797,1,off,0.37758436756971236,0.008121637527330819,0.8478555512606757,0.01594152804491825,0.8091222884855076,0.006149057720647221,58.03502938570939,0.6503467202646922
gamF,1.0,K3_eesm,EESM指数核,beta_EESM,5.01187233627272,1,off,0.3775353360329606,0.009271332142083678,0.8525194532139944,0.015818036893556705,0.8063239714194836,0.007106342833151602,58.29089364837911,0.6472816774020497
gamF,1.0,K3_eesm,EESM指数核,beta_EESM,10.0,1,off,0.3783208410186169,0.009171198263416579,0.8472174060509111,0.014808946123319355,0.809613182396232,0.005971485100696155,58.014060062983425,0.6506145642682489
gamF,1.0,K3_eesm,EESM指数核,beta_EESM,19.952623149688787,1,off,0.3786644715773173,0.008620197159080792,0.8486901239420342,0.015843419363541302,0.8081404886110757,0.006933427867948934,58.11625742052145,0.6493932222352393
gamF,1.0,K3_eesm,EESM指数核,beta_EESM,39.81071705534969,1,off,0.3782226333093117,0.009017943739803792,0.8482973895286813,0.015616751828761906,0.8088768656361125,0.00692914202008853,57.97508331839121,0.6510934486695457
gamF,1.0,K3_eesm,EESM指数核,beta_EESM,79.43282347242814,1,off,0.37797716224798267,0.008664928791204812,0.8477083481735692,0.014518821787551643,0.809465919044208,0.006112141180038785,57.99936871379718,0.6508060332072334
gamF,1.0,K3_eesm,EESM指数核,beta_EESM,158.48931924611142,1,off,0.37851722027827683,0.009055763675992293,0.8466773841795673,0.014537788871685236,0.8101532042675756,0.0055515737085548135,57.960281341857566,0.651276357584732
gamF,1.0,K3_eesm,EESM指数核,beta_EESM,316.22776601683796,1,off,0.37620959222225797,0.007188981490974464,0.8485430293317788,0.013844102993726752,0.8104969794620779,0.006719762960822378,58.000715610026205,0.6507823864627712
gamF,1.0,K3_eesm,EESM指数核,beta_EESM,630.957344480193,1,off,0.37836989666133564,0.008636468412610104,0.8472174422098615,0.014262956050533536,0.8098095616558918,0.005765692367030888,58.00281504562704,0.6507649416047464
gamF,1.0,K3_eesm,EESM指数核,beta_EESM,1258.9254117941662,1,off,0.3775352878210267,0.008464676146457661,0.8470699860101021,0.01622899146489908,0.8097605542251071,0.006565800557405283,57.848608501015136,0.6525867695898162
gamF,1.0,K3_eesm,EESM指数核,beta_EESM,2511.886431509577,1,off,0.3774862201253245,0.008666272566035417,0.8478556235785766,0.014819399477219964,0.8091713320752429,0.005809911505663401,57.90160229771256,0.6519780935628227
gamF,1.0,K3_eesm,EESM指数核,beta_EESM,5011.872336272725,1,off,0.37674979488835386,0.008651715378543704,0.8481010705339387,0.015143059426478232,0.809416803136572,0.005705289744855972,57.91222022093083,0.651844850915522
gamF,1.0,K3_eesm,EESM指数核,beta_EESM,10000.0,1,off,0.37719160905039245,0.008342683251667813,0.8486411165112495,0.015143829474257495,0.8083858511955535,0.005915949426822875,57.974801447625076,0.6510867300678702
gamF,1.0,K4_pow,幂函数核,q,-2.0,1,off,0.3759641934788297,0.00776964257607246,0.8507521604068893,0.014836979534328824,0.8083367834998514,0.006653057778932097,58.133077678190055,0.6491804056432283
gamF,1.0,K4_pow,幂函数核,q,-1.0,1,off,0.373754953926868,0.007977579376661893,0.8549251684494837,0.014736338460495707,0.8063730270622023,0.006801256795394968,58.26790836169441,0.6475568630396058
gamF,1.0,K4_pow,幂函数核,q,-0.5,1,off,0.37650422740315703,0.008143344494523747,0.8506048488429316,0.015031530702496675,0.8090242254120042,0.007537785643225629,58.13020919592715,0.6492204164650964
gamF,1.0,K4_pow,幂函数核,q,1.0,1,off,0.3762588045537618,0.008337265547940445,0.8519795157135348,0.014778268953687487,0.8077477059857887,0.0073011209337479985,58.20881882431486,0.6482766838754068
gamF,1.0,K4_pow,幂函数核,q,2.0,1,off,0.3785662638680121,0.008659437384571946,0.8469227467640451,0.015568727385498974,0.8100060493924032,0.007369440968650672,57.98719209515021,0.6509489461687521
gamF,1.0,K5_plus,正指数核,beta_plus,0.01,1,off,0.37748613575444023,0.007864635133405762,0.8498194041221927,0.014507588545724485,0.808876853583129,0.006783560737481066,58.177934398682225,0.6486495071572923
gamF,1.0,K5_plus,正指数核,beta_plus,0.0199526231496888,1,off,0.3767497466764199,0.00809681049893532,0.8479538192348983,0.014732189526489648,0.8103987717527726,0.006399872334343899,58.070716074813596,0.6499425632911302
gamF,1.0,K5_plus,正指数核,beta_plus,0.039810717055349734,1,off,0.37846811642362427,0.00888796644951327,0.8462354494876939,0.01541448092327948,0.8103496799511035,0.006478403719815174,57.99793919643739,0.650814292271602
gamF,1.0,K5_plus,正指数核,beta_plus,0.07943282347242814,1,off,0.37797705377113144,0.007895547110759436,0.8493775779071706,0.014331157706860772,0.8087295781781216,0.006911483119097257,58.152262529723544,0.6489628836726673
gamF,1.0,K5_plus,正指数核,beta_plus,0.15848931924611134,1,off,0.37630796867333177,0.008900657860158418,0.8525194291080274,0.0168704240680053,0.8060784762521875,0.006824925454273164,58.17607182247715,0.6486441812492562
gamF,1.0,K5_plus,正指数核,beta_plus,0.31622776601683794,1,off,0.378075297639387,0.008076440367144076,0.84648094465499,0.015154745085972508,0.8097605060131732,0.006081135056453699,57.94321558406066,0.6514629413914645
gamF,1.0,K5_plus,正指数核,beta_plus,0.630957344480193,1,off,0.37665151486114784,0.007592561256560906,0.8477574520282218,0.014604574507764617,0.8098586896165114,0.006068581706360586,57.9782868915146,0.6510449614504843
gamF,1.0,K5_plus,正指数核,beta_plus,1.2589254117941675,1,off,0.37650422740315703,0.00800304035131881,0.8484939375301097,0.013851381439570574,0.8100059891274857,0.006196642883228316,58.08389983077842,0.6497888095674952
gamF,1.0,K5_plus,正指数核,beta_plus,2.5118864315095797,1,off,0.37787889427376015,0.007920190958266583,0.8495738969019131,0.014970050134526151,0.8078949211258788,0.006440244339493027,58.10034731364751,0.6495746593532584
gamF,1.0,K5_plus,正指数核,beta_plus,5.01187233627272,1,off,0.3753260000571311,0.008404997523197481,0.8505067616634612,0.014430020086440289,0.8092204841418293,0.006164137685412222,58.151547697277366,0.6489681577955688
gamF,1.0,K5_plus,正指数核,beta_plus,10.0,1,off,0.37616064505639046,0.009132129550711781,0.8508995081297975,0.014193153838850574,0.8087786097148735,0.006843978331699737,58.13527359326756,0.6491617676875154
gamF,1.0,K5_plus,正指数核,beta_plus,19.952623149688787,1,off,0.3775843434637454,0.008351591891451482,0.8501139428792239,0.014625571121910473,0.8084350153151234,0.007155030150918144,58.166762018939764,0.6487961629392288
gamF,1.0,K5_plus,正指数核,beta_plus,39.81071705534969,1,off,0.3756205267611789,0.008356284906176155,0.8520777836877572,0.013894232028546004,0.8085331748124946,0.00686943493791646,58.18646447005121,0.6485571713914463
gamF,1.0,K5_plus,正指数核,beta_plus,79.43282347242814,1,off,0.3753750315938829,0.007770750273340152,0.8500158315937865,0.014029345941291942,0.8104478635544418,0.0064911710474168695,57.96711580239612,0.6511857952073633
gamF,1.0,K5_plus,正指数核,beta_plus,158.48931924611142,1,off,0.3747368261192009,0.007698788549168282,0.8506539888565345,0.014627029427343206,0.8098095978148423,0.006129364169989532,57.940955627724804,0.6514908148140681
gamF,1.0,K5_plus,正指数核,beta_plus,316.22776601683796,1,off,0.37660248332439605,0.008951552063028306,0.8493774212183854,0.015693867446756958,0.8096624549926531,0.00807581822343181,57.97088879875298,0.6511395304581374
gamF,1.0,K5_plus,正指数核,beta_plus,630.957344480193,1,off,0.3749331933258774,0.0075895282390294454,0.8502612544431816,0.014430559408460672,0.8098586896165114,0.00612589465908444,57.90337978245567,0.6519479758040883
gamF,1.0,K5_plus,正指数核,beta_plus,1258.9254117941662,1,off,0.37679876616018826,0.008019173243581576,0.8498684718178948,0.014702837711050977,0.8090732931077064,0.0077936351955309345,58.02222705755918,0.6505217342563123
gamF,1.0,K5_plus,正指数核,beta_plus,2511.886431509577,1,off,0.3750804084659674,0.007240386807881093,0.8513904261464887,0.014354694625065268,0.8085823027731143,0.007490302742064486,58.016572871456994,0.6505837781060937
gamF,1.0,K5_plus,正指数核,beta_plus,5011.872336272725,1,off,0.37498229718052994,0.0076501366637844685,0.850212150588529,0.014556576553567041,0.8099077814181805,0.006118091655920367,57.907289216120674,0.6518982842721749
gamF,1.0,K5_plus,正指数核,beta_plus,10000.0,1,off,0.37674967435851914,0.008039400733929036,0.8498684718178948,0.014689718716126713,0.8091223849093755,0.007789359579357151,58.0224911329819,0.6505190996561261
